id;content;image;image_content_type;social;owner
1;payment Hawaii Health;../fake-data/blob/hipster.png;image/png;Other;monitor
2;Lead;../fake-data/blob/hipster.png;image/png;Other;Gorgeous invoice
3;programming;../fake-data/blob/hipster.png;image/png;Instagram;Fresh cross-platform
4;green Manager indigo;../fake-data/blob/hipster.png;image/png;Tiktok;calculating Savings feed
5;application morph;../fake-data/blob/hipster.png;image/png;Youtube;lime frictionless
6;Garden;../fake-data/blob/hipster.png;image/png;Other;state Unbranded Springs
7;Industrial Senior;../fake-data/blob/hipster.png;image/png;Instagram;Handcrafted
8;Intelligent District;../fake-data/blob/hipster.png;image/png;Tiktok;salmon
9;FTP;../fake-data/blob/hipster.png;image/png;Facebook;bypass
10;North Orchestrator;../fake-data/blob/hipster.png;image/png;Instagram;data-warehouse Facilitator Keyboard
